Workbook

Sheet Ringkasan
A1: Karakterisasi Motor iMCLab — Kit Asli vs Simulasi
A2: Kelvin Sitorus (24081010341) · Robotika — Prof. Basuki Rahmat · Modul 1, uji 23 Oktober 2026
A4: Yang diukur | B4: Kit asli | C4: Simulasi sebelumnya (asumsi) | D4: Rasio kit / simulasi | E4: Catatan
A5: PWM mulai berputar dari diam | B5: =_xlfn.MINIFS('Kurva Statis'!A5:A30,'Kurva Statis'!B5:B30,">0") -> 170 | C5: 40 | D5: =IF(C5=0,"-",B5/C5) -> 4.25 | E5: PWM terkecil dengan RPM > 0 pada sweep naik
A6: Kecepatan maksimum (RPM) | B6: =MAX('Kurva Statis'!B5:B30) -> 11880 | C6: 9480 | D6: =IF(C6=0,"-",B6/C6) -> 1.2531646 | E6: Jenuh pada PWM ≥ 240
A7: RPM pada PWM 200 | B7: =INDEX('Kurva Statis'!B5:B30,MATCH(200,'Kurva Statis'!A5:A30,0)) -> 6180 | C7: 7096 | D7: =IF(C7=0,"-",B7/C7) -> 0.87091319 | E7: Uji manual sebelumnya ±7.400 RPM
A8: Kemiringan PWM 170–230 (RPM/PWM) | B8: =SLOPE('Kurva Statis'!B22:B28,'Kurva Statis'!A22:A28) -> 139.60714 | C8: 43.1 | D8: =IF(C8=0,"-",B8/C8) -> 3.2391448 | E8: Regresi linear; kurva aslinya melengkung (84–213 RPM/PWM)
A9: Konstanta waktu τ (s) | B9: ='Respons Step'!B5 -> 0.6398 | C9: 0.2 | D9: =IF(C9=0,"-",B9/C9) -> 3.199 | E9: Fit FOPDT respons step 0 → 200
A10: Waktu tunda θ (s) | B10: ='Respons Step'!B6 -> 0.09523 | C10: 0 | D10: =IF(C10=0,"-",B10/C10) -> - | E10: Gesekan statis harus diatasi dulu
A11: PWM motor berhenti (sudah berputar) | B11: 95 | C11: — | D11: — | E11: Dari uji variasi PWM manual (perkiraan); dipakai untuk histeresis
A13: Temuan
A14: 1. Histeresis gesekan: dari diam motor baru berputar di PWM 170, tetapi motor yang sudah berputar baru berhenti di sekitar PWM 95 (gesekan statis > gesekan kinetis).
A15: 2. Motor ±3 kali lebih lambat dari perkiraan simulasi (τ ≈ 0,6 s vs 0,2 s); model FOPDT menempel ke data dengan RMSE ±15 RPM.
A16: 3. 0 RPM pada 240 ms pertama: ±0,1 s tunda fisik (gesekan) + tunda pengukuran (metode period butuh 5 putaran sebelum melapor).
A17: 4. Simulator perlu dikalibrasi ulang dengan angka-angka ini sebelum dipakai di Modul 2–3.
A19: Legenda: biru = data/input tetap · hijau = diambil dari sheet lain · kuning (sheet Respons Step) = parameter model yang boleh diubah

Sheet Kurva Statis
A1: Kurva statis PWM vs RPM — kit iMCLab (sweep naik, jendela 1 s)
A2: Sumber: Serial Monitor sketch 04_Karakterisasi_Otomatis, 23-10-2026 (data_kit.csv). PWM 0–50 tidak tersalin, diisi 0.
A4: PWM | B4: RPM terukur | C4: Kemiringan (RPM/PWM) | D4: Status
A5: 0 | B5: 0 | D5: =IF(B5=0,"diam",IF(B5>=0.985*MAX($B$5:$B$30),"jenuh","berputar")) -> diam
A6: 10 | B6: 0 | C6: =(B6-B5)/(A6-A5) -> 0 | D6: =IF(B6=0,"diam",IF(B6>=0.985*MAX($B$5:$B$30),"jenuh","berputar")) -> diam
A7: 20 | B7: 0 | C7: =(B7-B6)/(A7-A6) -> 0 | D7: =IF(B7=0,"diam",IF(B7>=0.985*MAX($B$5:$B$30),"jenuh","berputar")) -> diam
A8: 30 | B8: 0 | C8: =(B8-B7)/(A8-A7) -> 0 | D8: =IF(B8=0,"diam",IF(B8>=0.985*MAX($B$5:$B$30),"jenuh","berputar")) -> diam
A9: 40 | B9: 0 | C9: =(B9-B8)/(A9-A8) -> 0 | D9: =IF(B9=0,"diam",IF(B9>=0.985*MAX($B$5:$B$30),"jenuh","berputar")) -> diam
A10: 50 | B10: 0 | C10: =(B10-B9)/(A10-A9) -> 0 | D10: =IF(B10=0,"diam",IF(B10>=0.985*MAX($B$5:$B$30),"jenuh","berputar")) -> diam
A11: 60 | B11: 0 | C11: =(B11-B10)/(A11-A10) -> 0 | D11: =IF(B11=0,"diam",IF(B11>=0.985*MAX($B$5:$B$30),"jenuh","berputar")) -> diam
A12: 70 | B12: 0 | C12: =(B12-B11)/(A12-A11) -> 0 | D12: =IF(B12=0,"diam",IF(B12>=0.985*MAX($B$5:$B$30),"jenuh","berputar")) -> diam
A13: 80 | B13: 0 | C13: =(B13-B12)/(A13-A12) -> 0 | D13: =IF(B13=0,"diam",IF(B13>=0.985*MAX($B$5:$B$30),"jenuh","berputar")) -> diam
A14: 90 | B14: 0 | C14: =(B14-B13)/(A14-A13) -> 0 | D14: =IF(B14=0,"diam",IF(B14>=0.985*MAX($B$5:$B$30),"jenuh","berputar")) -> diam
A15: 100 | B15: 0 | C15: =(B15-B14)/(A15-A14) -> 0 | D15: =IF(B15=0,"diam",IF(B15>=0.985*MAX($B$5:$B$30),"jenuh","berputar")) -> diam
A16: 110 | B16: 0 | C16: =(B16-B15)/(A16-A15) -> 0 | D16: =IF(B16=0,"diam",IF(B16>=0.985*MAX($B$5:$B$30),"jenuh","berputar")) -> diam
A17: 120 | B17: 0 | C17: =(B17-B16)/(A17-A16) -> 0 | D17: =IF(B17=0,"diam",IF(B17>=0.985*MAX($B$5:$B$30),"jenuh","berputar")) -> diam
... A30: 250 | B30: 11880 | C30: =(B30-B29)/(A30-A29) -> 0 | D30: =IF(B30=0,"diam",IF(B30>=0.985*MAX($B$5:$B$30),"jenuh","berputar")) -> jenuh

Sheet Respons Step
A1: Respons step PWM 0 → 200 — kit iMCLab (metode period, tiap 10 ms)
A2: Model FOPDT: y = K·(1 − e^(−(t−θ)/τ)) untuk t > θ. Parameter (kuning) hasil curve_fit di analisis_karakterisasi.py; ubah untuk mencoba.
A4: K (RPM) | B4: 6348
A5: τ (s) | B5: 0.6398
A6: θ (s) | B6: 0.09523
A8: RMSE model (RPM, sampel RPM>0) | B8: =SQRT(SUMPRODUCT((B11:B160>0)*(D11:D160)^2)/COUNTIF(B11:B160,">0")) -> 15.138672
A10: t (s) | B10: RPM terukur | C10: RPM model FOPDT | D10: Selisih
A11: 0 | B11: 0 | C11: =IF(A11>$B$6,$B$4*(1-EXP(-(A11-$B$6)/$B$5)),0) -> 0 | D11: =B11-C11 -> 0
A12: 0.01 | B12: 0 | C12: =IF(A12>$B$6,$B$4*(1-EXP(-(A12-$B$6)/$B$5)),0) -> 0 | D12: =B12-C12 -> 0
A13: 0.02 | B13: 0 | C13: =IF(A13>$B$6,$B$4*(1-EXP(-(A13-$B$6)/$B$5)),0) -> 0 | D13: =B13-C13 -> 0
A14: 0.03 | B14: 0 | C14: =IF(A14>$B$6,$B$4*(1-EXP(-(A14-$B$6)/$B$5)),0) -> 0 | D14: =B14-C14 -> 0
A15: 0.04 | B15: 0 | C15: =IF(A15>$B$6,$B$4*(1-EXP(-(A15-$B$6)/$B$5)),0) -> 0 | D15: =B15-C15 -> 0
A16: 0.05 | B16: 0 | C16: =IF(A16>$B$6,$B$4*(1-EXP(-(A16-$B$6)/$B$5)),0) -> 0 | D16: =B16-C16 -> 0
A17: 0.06 | B17: 0 | C17: =IF(A17>$B$6,$B$4*(1-EXP(-(A17-$B$6)/$B$5)),0) -> 0 | D17: =B17-C17 -> 0
A18: 0.07 | B18: 0 | C18: =IF(A18>$B$6,$B$4*(1-EXP(-(A18-$B$6)/$B$5)),0) -> 0 | D18: =B18-C18 -> 0
A19: 0.08 | B19: 0 | C19: =IF(A19>$B$6,$B$4*(1-EXP(-(A19-$B$6)/$B$5)),0) -> 0 | D19: =B19-C19 -> 0
A20: 0.09 | B20: 0 | C20: =IF(A20>$B$6,$B$4*(1-EXP(-(A20-$B$6)/$B$5)),0) -> 0 | D20: =B20-C20 -> 0
A21: 0.1 | B21: 0 | C21: =IF(A21>$B$6,$B$4*(1-EXP(-(A21-$B$6)/$B$5)),0) -> 47.151242 | D21: =B21-C21 -> -47.151242
A22: 0.11 | B22: 0 | C22: =IF(A22>$B$6,$B$4*(1-EXP(-(A22-$B$6)/$B$5)),0) -> 144.86715 | D22: =B22-C22 -> -144.86715
... A160: 1.49 | B160: 5644.4 | C160: =IF(A160>$B$6,$B$4*(1-EXP(-(A160-$B$6)/$B$5)),0) -> 5630.4191 | D160: =B160-C160 -> 13.980907
